,Video
0,Justin Bieber - Baby ft. Ludacris
1,Shakira - Waka Waka (This Time for Africa) (The Official 2010 FIFA World Cup™ Song)
2,Eminem - Love The Way You Lie ft. Rihanna
3,Adele - Rolling in the Deep
4,Bruno Mars - Just The Way You Are [OFFICIAL VIDEO]
5,Katy Perry - Firework (Official)
6,Eminem - Not Afraid
7,Don Omar - Danza Kuduro ft. Lucenzo
8,Justin Bieber - Never Say Never ft. Jaden Smith
9,Bruno Mars - Grenade [OFFICIAL VIDEO]
10,Rihanna - What's My Name? ft. Drake
11,Rihanna - Only Girl (In The World)
12,a-ha - Take On Me (Official Video)
13,Whitney Houston - I Will Always Love You
14,"Enrique Iglesias, Juan Luis Guerra - Cuando Me Enamoro"
15,The Police - Every Breath You Take
16,Aqua - Barbie Girl
17,Shakira - Loca (Spanish Version) ft. El Cata
18,Rihanna - Rude Boy
19,The Chipettes - Single Ladies [Put A Ring On It]
20,B.o.B - Airplanes ft. Hayley Williams of Paramore [OFFICIAL VIDEO]
21,Katy Perry - California Gurls (Official) ft. Snoop Dogg
22,The Black Eyed Peas - The Time (Dirty Bit)
23,Justin Bieber - Somebody To Love Remix ft. Usher
24,Eminem - No Love (Explicit Version) ft. Lil Wayne
25,Pablo Alborán - Solamente Tú (Videoclip Oficial)
26,Nelly - Just A Dream
27,Lady Gaga - Alejandro
28,Alexandra Stan - Mr Saxobeat (Official Video)
29,Travie McCoy: Billionaire ft. Bruno Mars [OFFICIAL VIDEO]
30,Christina Perri - Jar of Hearts [Official Music Video]
31,Eminem - The Real Slim Shady (Edited)
32,Maroon 5 - Misery
33,Waka Waka (Esto es Africa) (Cancion Oficial de la Copa Mundial de la FIFA� Sudafrica 2010)
34,"Enrique Iglesias - No Me Digas Que No ft. Wisin, Yandel"
35,Lady Gaga - Telephone ft. Beyoncé
36,Skrillex - Scary Monsters And Nice Sprites (Official Audio)
37,Justin Bieber - Love Me
38,I Just Had Sex (feat. Akon)
39,"Sean Kingston, Justin Bieber - Eenie Meenie (Video Version)"
40,Ed Sheeran - The A Team [Official Video]
41,Wiz Khalifa - Black And Yellow [Official Music Video]
42,Juan Gabriel - Así Fue (En Vivo [Desde el Instituto Nacional de Bellas Artes])
43,Taylor Swift - Mine
44,Justin Bieber - Never Let You Go
45,Enrique Iglesias - I Like It
46,Flo Rida - Club Can't Handle Me ft. David Guetta [Official Music Video] - Step Up 3D
47,Jeremih - Down On Me ft. 50 Cent
48,Wisin & Yandel - Estoy Enamorado
49,B.o.B - Nothin' On You [feat. Bruno Mars] (Official Video)
50,Lil Wayne - Drop The World ft. Eminem
51,The Black Eyed Peas - Meet Me Halfway
52,Pitbull - Hey Baby (Drop It To The Floor) ft. T-Pain
53,Chris Brown - Yeah 3x
54,Willow Smith - Whip My Hair
55,La La La I Love You - Gummibär - The Gummy Bear
56,CantaJuego - La Mane
57,Diddy - Dirty Money - Coming Home ft. Skylar Grey
58,Usher - DJ Got Us Fallin' In Love ft. Pitbull
59,Selena Gomez & The Scene - A Year Without Rain
60,Avril Lavigne - Complicated (Official Video)
61,Aventura - El Malo
62,Camila - Aléjate De Mi
63,Phil Collins - Another Day In Paradise (Official Music Video)
64,Katy Perry - Teenage Dream (Official)
65,Alejandro Sanz - Amiga mia (Video Oficial)
66,David Guetta Feat. Kid Cudi - Memories (Official Video)
67,Ne-Yo - One In A Million
68,Crazy Frog - Last Christmas
69,Maná - Mariposa traicionera (Video)
70,Wisin & Yandel - Te Siento
71,Miley Cyrus - Can't Be Tamed
72,OneRepublic - Secrets
73,Tinie Tempah - Written In The Stars ft. Eric Turner
74,Alejandro Fernández - Me Dedique A Perderte
75,David Guetta & Chris Willis Feat. Fergie & LMFAO - Gettin' Over You (Official Video)
76,HA-ASH - Qué hago Yo? (Video Oficial)
77,"Far East Movement - Like A G6 ft. The Cataracs, DEV"
78,Taio Cruz - Dynamite (Int'l Version)
79,P!nk - Raise Your Glass
80,Ciara - Ride ft. Ludacris
81,Mohombi - Bumpy Ride
82,Taio Cruz - Break Your Heart ft. Ludacris
83,Phil Collins - In The Air Tonight (Official Music Video)
84,The Band Perry - If I Die Young
85,The Catalyst (Official Video) - Linkin Park
86,Skillet - Hero (Official Video)
87,Stromae - Alors On Danse
88,Santana - Maria Maria (Stereo) ft. The Product G&B
89,Justin Bieber - U Smile
90,Miley Cyrus - Who Owns My Heart
91,"""Just A Dream"" by Nelly - Sam Tsui & Christina Grimmie"
92,"Thalia, Pedro Capó - Estoy Enamorado"
93,Shontelle - Impossible
94,Usher - OMG ft. will.i.am
95,Waiting For The End (Official Video) - Linkin Park
96,Elton John - Sacrifice
97,【MV full】 ヘビーローテーション / AKB48 [公式]
98,Timbaland - Carry Out ft. Justin Timberlake
99,Sin Bandera - Mientes Tan Bien
100,"Dr. Dre - Kush ft. Snoop Dogg, Akon"
101,Avril Lavigne - My Happy Ending (VIDEO)
102,Paramore: The Only Exception [OFFICIAL VIDEO]
103,Drake - Over
104,Chino & Nacho - Niña Bonita
105,Thalia - Qué Será De Ti (Como Vai Voce)
106,Avril Lavigne - Sk8er Boi
107,Enrique Iglesias - Heartbeat ft. Nicole Scherzinger
108,Plan B - Si No Le Contesto [Official Video]
109,Michael Jackson - Smooth Criminal (Official Video)
110,"Goo Goo Dolls - ""Iris"" [Official Music Video]"
111,Crazy Frog - Crazy Frog In The House
112,Justin Bieber - Pray
113,Heart - Alone
114,Rihanna - Te Amo
115,Avenged Sevenfold - Nightmare [Official Music Video]
116,Juan Gabriel - Amor Eterno (En Vivo [Desde el Instituto Nacional de Bellas Artes])
117,Jessie J - Do It Like A Dude (Explicit)
118,Avril Lavigne - I'm With You (Video)
119,Wheatus - Teenage Dirtbag
120,Selena Gomez & The Scene - Round & Round
121,Tonight (I'm Lovin' You)
122,Soundgarden - Black Hole Sun
123,SKRILLEX - Kill EVERYBODY
124,"Bé Bảo An - Phi Long - Bé Chút Chít "" Nhạc Thiếu Nhi Hay Nhất """
125,"will.i.am, Nicki Minaj - Check It Out"
126,Miley Cyrus - When I Look At You
127,Drake - Find Your Love
128,Timbaland - If We Ever Meet Again ft. Katy Perry
129,Jenni Rivera - Por Que No Le Calas
130,Ludacris - My Chick Bad ft. Nicki Minaj
131,Maná - Bendita Tu Luz (Music Video)
132,Dire Straits - Sultans Of Swing (Alchemy Live)
133,"Rick Ross - Aston Martin Music ft. Drake, Chrisette Michele"
134,Girls' Generation 소녀시대 'Oh!' MV
135,Jason Derulo - Ridin' Solo (Official Video in HD)
136,The Game - How We Do
137,Mariah Carey - Angels Cry ft. Ne-Yo
138,Plan B - Si no le contesto ft. Tony Dize and Zion y Lennox (Remix) [Official Video]
139,Nicki Minaj - Your Love
140,Maná - En el muelle de San Blás (video)
141,Rascal Flatts - What Hurts The Most
142,Kid Rock - Picture ft. Sheryl Crow [Official Video]
143,Kanye West - POWER
144,The Fugees - Ready or Not
145,Ke$ha - Your Love Is My Drug (Official Video)
146,Cartel de Santa - La Pelotona (Video)
147,Simple Minds - Don't You (Forget About Me)
148,CantaJuego - Soy una Taza
149,Camila - Bésame (Audio)
150,Michael Bolton - Said I Loved You...But I Lied
151,Lupe Fiasco - The Show Goes On
152,Trey Songz - Bottoms Up ft. Nicki Minaj [Official Video]
153,Gorillaz - On Melancholy Hill (Official Video)
154,Jason Derulo - In My Head (Video)
155,Beyoncé - Broken-Hearted Girl (Video)
156,SUPER JUNIOR 슈퍼주니어 '미인아 (Bonamana)' MV
157,Florence + The Machine - Dog Days Are Over (2010 Version)
158,Shakira - Loca ft. Dizzee Rascal
159,Gorillaz - DARE (Official Video)
160,Ke$ha - Take It Off
161,Selena Gomez & The Scene - Un Año Sin Lluvia
162,Wisin & Yandel - Sexy Movimiento
163,Ke$ha - We R Who We R
164,Maná - Vivir sin aire (video)
165,"Katy Perry sings ""Hot N Cold"" with Elmo on Sesame Street!"
166,Tim Berg - 'Seek Bromance' (Official Video)
167,Whitney Houston - Greatest Love Of All
168,Maná - Eres mi religión (Video Oficial)
169,Soul Asylum - Runaway Train
170,Girls' Generation 소녀시대 'Run Devil Run' MV
171,SHINee 샤이니 'Lucifer' MV
172,Zion y Lennox - Hoy lo Siento ft. Tony Dize [Official Video]
173,Kid Rock - Only God Knows Why [Official Video]
174,We Be Burning - Sean Paul (Official Video)
175,Stromae - Alors on danse (clip officiel)
176,Michael Jackson - Hold My Hand (Duet with Akon) (Official Video) ft. Akon
177,Chino y Nacho - Tu Angelito
178,CeeLo Green - FUCK YOU (Official Video)
179,Maná - Te lloré un río (video)
180,Ne-Yo - Beautiful Monster
181,Chayanne - Me Enamoré De Ti (Performance Version)
182,Swedish House Mafia - One (Your Name)
183,Shakira - Gitana (Video Version)
184,Inna - Amazing
185,Daddy Yankee - La Despedida
186,Maná - Ojala Pudiera Borrarte (video)
187,Dynamite-Taio Cruz (lyrics)
188,Gloria Trevi - El Favor De La Soledad
189,"DJ Khaled ""All I Do Is Win"" feat. Ludacris, Rick Ross, T-Pain & Snoop Dogg / Victory In Stores Now"
190,Crazy Frog - Cha Cha Slide
191,Swedish House Mafia - Miami 2 Ibiza ft. Tinie Tempah
192,Gorillaz - Stylo (Official Video)
193,Muse - Resistance
194,Colbie Caillat - I Never Told You
195,"Marc Anthony, Jennifer Lopez - Escapémonos (GRAMMYs on CBS)"
196,Nicki Minaj - Right Thru Me (Clean Version)
197,"Brad Paisley, Alison Krauss - Whiskey Lullaby (featurning Alison Krauss)"
198,Skillet - Awake and Alive
199,Keri Hilson - Pretty Girl Rock
200,Train - Shake up Christmas
201,Gummibär A Jugar! World Cup Soccer/Football Song Chilean Spanish Gummy Bear Osito Gominola
202,Lady Gaga - Telephone ft. Beyoncé
203,Marco Antonio Solís - ¿A Dónde Vamos A Parar?
204,Maná - Clavado en un bar (video)
205,Christina Aguilera - You Lost Me (Official Video)
206,AC/DC - Shoot To Thrill (Iron Man 2 Version)
207,Daddy Yankee - Descontrol
208,SUPER JUNIOR 슈퍼주니어 '너 같은 사람 또 없어 (No Other)' MV
209,Adam Lambert - Whataya Want from Me
210,Michel Teló - Fugidinha [VIDEO OFICIAL]
211,Michael Bolton - How Am I Supposed To Live Without You
212,Drake - Miss Me ft. Lil Wayne
213,田馥甄 Hebe Tien [寂寞寂寞就好 Leave Me Alone] Official MV
214,スピッツ / ロビンソン
215,Mike Posner - Cooler Than Me
216,Maher Zain - Insha Allah | Insya Allah | ماهر زين - إن شاء الله | Official Music Video
217,TLC - Waterfalls (Video Version)
218,Marc Anthony - Y Como Es El?
219,Wisin & Yandel - Me Estas Tentando
220,Martin Solveig & Dragonette - Hello (Official Short Video Version HD)
221,Cartel de Santa - El Arte del Engaño (Video Version)
222,Don Omar - Hasta Abajo
223,Nicki Minaj - Massive Attack ft. Sean Garrett
224,Wisin & Yandel - Pam Pam
225,Luis Fonsi - Aunque Estes Con El
226,Avril Lavigne - Nobody's Home (VIDEO)
227,Boombox (ft. Julian Casablancas)
228,Prince Royce - Stand By Me (Music Video)
229,ONE OK ROCK 「完全感覚Dreamer」
230,The Black Eyed Peas - Rock That Body
231,The Black Keys - Tighten Up [Official Music Video]
232,Marc Anthony - Y Como Es El?
233,Taio Cruz - Dynamite
234,Ke$ha - Blah Blah Blah ft. 3OH!3
235,Five Finger Death Punch- Bad Company
236,ARASH feat Helena- Broken Angel (Official Video)
237,Dire Straits - Walk Of Life
238,Lil Wayne - Knockout ft. Nicki Minaj
239,Bonde da Stronda feat. Mr Catra - Mansão Thug Stronda (Videoclipe Oficial)
240,Kelly Clarkson - Since U Been Gone (VIDEO)
241,【MV full】 ポニーテールとシュシュ / AKB48 [公式]
242,Black Eyed Peas - Imma Be Rocking That Body
243,Adam Lambert - If I Had You (Official Video)
244,Dire Straits - Brothers In Arms
245,Carlos Baute - Quien te quiere como yo (Videoclip oficial)
246,Cosculluela - Prrrum
247,SHINee 샤이니 'Hello' MV
248,Gummibär - Go For The Goal - World Cup Soccer Song English Funny Gummy Bear USA United States
249,The Black Eyed Peas - The Time (Dirty Bit) (Audio)
250,BUMP OF CHICKEN『天体観測』
251,LMFAO - Yes
252,3OH!3 - My First Kiss (feat. Ke$ha) [OFFICIAL MUSIC VIDEO]
253,Ellie Goulding - Your Song
254,Yolanda Be Cool - We No Speak Americano (Video edit by Pink louder)
255,Dire Straits - Money For Nothing
256,The Black Eyed Peas - Imma Be
257,Owl City - Vanilla Twilight
258,T.I. - Got Your Back ft. Keri Hilson [Official Video]
259,Céline Dion - The Power of Love (Live in Boston)
260,Gorillaz - Dirty Harry (Official Video)
261,Flo Rida - Who Dat Girl ft. Akon [Official Video]
262,Rihanna - ROCKSTAR 101 ft. Slash
263,deadmau5 - Raise Your Weapon
264,Die Antwoord - Enter The Ninja (Explicit Version)
265,David Bowie - Heroes
266,Akcent - That's My Name (Ultra Music)
267,Paramore: Playing God [OFFICIAL VIDEO]
268,Mac Miller - Senior Skip Day
269,"Far East Movement, Ryan Tedder - Rocketeer ft. Ryan Tedder"
270,Nickelback - If Today Was Your Last Day [OFFICIAL VIDEO]
271,Maná - Rayando el sol (video)
272,Taio Cruz - Higher ft. Kylie Minogue
273,Amy Macdonald - This Is The Life
274,"Luis Miguel - ""La Incondicional"" (Video Oficial)"
275,Usher - Hey Daddy (Daddy's Home)
276,OK Go - This Too Shall Pass - Rube Goldberg Machine - Official Video
277,TLC - Creep (Video Version)
278,The Police - Roxanne
279,Kid Cudi - Erase Me ft. Kanye West
280,Train - Marry Me
281,Abba - Fernando
282,DEV - Bass Down Low (Explicit) ft. The Cataracs
283,Alicia Keys - Un-thinkable (I'm Ready)
284,The Script - Nothing (Official Video)
285,Alejandro Fernández - No Sé Olvidar
286,Lena - Satellite (Germany)
287,The Duck Song 3
288,Muse - Hysteria [Official Music Video]
289,Empire Of The Sun - We Are The People
290,Mariah Carey - Up Out My Face ft. Nicki Minaj
291,Carla Morrison - Compartir [VIDEO OFICIAL]
292,Alejandro Fernández - Me Hace Tanto Bien
293,Calle 13 - Vamo' A Portarnos Mal (Video)
294,Laura Pausini - Víveme (Official Video)
295,スピッツ / チェリー
296,Alejandro Fernández - Si Tú Supieras
297,Se Me Olvidó Otra Vez (En Vivo [Desde el Instituto Nacional de Bellas Artes])
298,Avril Lavigne - Don't Tell Me
299,So Big [Official Music Video] - Iyaz
300,Katy Perry - Teenage Dream (Director's Cut)
301,Maná - Oye mi amor (video)
302,Florence + The Machine - Cosmic Love
303,Ya Lo Sé Que Tú Te Vas (En Vivo [Desde el Instituto Nacional de Bellas Artes])
304,Edward Maya & Vika Jigulina - Stereo Love (OFFICIAL HQ VIDEO) (Ultra Music)
305,"7 Year Old Raps ""Whip My Hair"" - Willow Smith (MattyBRaps Cover)"
306,La Arrolladora Banda El Limón De René Camacho - Ya Es Muy Tarde
307,Daughtry - September
308,Mac Miller - Nikes On My Feet
309,Girls' Generation 소녀시대 '소원을 말해봐 (Genie)' MV
310,Dire Straits - Sultans Of Swing
311,"miss A ""Bad Girl, Good Girl” M/V"
312,"Sean Kingston & Justin Bieber ""Eenie Meenie"""
313,B.o.B - Magic ft. Rivers Cuomo [Official Music Video]
314,Tracy Chapman - Fast Car (Boyce Avenue feat. Kina Grannis acoustic cover) on Spotify & Apple
315,Ludacris - How Low
316,Bullet For My Valentine - Your Betrayal
317,"Carrie Underwood - Jesus, Take The Wheel (VIDEO)"
318,Taylor Swift - Fearless
319,Akcent - My Passion ( official video )
320,"Trey Songz - ""Can't Be Friends"" [Official Video]"
321,Miranda Lambert - The House That Built Me
322,Cartel de Santa - Perros ((VIDEO))
323,Laura Pausini - Quiero Decirte Que Te Amo (Official Video)
324,Cartel de Santa - Todas Mueren por Mí
325,Eminem - No Love ft. Lil Wayne
326,INNA - Love (Official Music Video)
327,Beyoncé - Why Don't You Love Me
328,Jay Sean - 2012 (It Ain't The End) ft. Nicki Minaj
329,Wisin & Yandel - Irresistible
330,Phil Collins - One More Night (Official Music Video)
331,Tim Berg - Seek Bromance (Official Video HD)
332,Arash - Broken Angel
333,Shakira - Gypsy (Video Version)
334,Gorillaz - Tomorrow Comes Today (Official Video)
335,Kelly Clarkson - Behind These Hazel Eyes (VIDEO)
336,The Script - For The First Time (Official Video) (HD Version)
337,Cartel de Santa - Vato Sencillo
338,Trey Songz - Say Aah (Video)
339,Muse - Feeling Good (Video)
340,Kelly Rowland - Commander ft. David Guetta
341,Wisin & Yandel - Imaginate ft. T-Pain
342,【ももクロMV】行くぜっ！怪盗少女 / ももいろクローバーZ（MOMOIRO CLOVER／IKUZE! KAITOU SYOUJO）
343,Shakira - Waka Waka (This Time For Africa) ft. Freshlyground
344,Bruno Mars - Just The Way You Are (Boyce Avenue acoustic/piano cover) on Spotify & Apple
345,Deep Purple - Child In Time - 1970
346,"Eminem, Dr. Dre - Forgot About Dre (Explicit) ft. Hittman"
347,Sean Kingston - Letting Go (Dutty Love) ft. Nicki Minaj
348,"Wisin & Yandel - No Dejemos Que Se Apague ft. 50 Cent, T-Pain"
349,Kay One - Style & das Geld (feat. Sonny Black)
350,Nek - Laura no està (Official Video)
351,Alejandro Fernández - Como Quien Pierde Una Estrella
352,The Cure - Boys Don't Cry
353,SOPRANO - HIRO FEAT. INDILA [CLIP OFFICIEL]
354,Kanye West - Runaway (Video Version) ft. Pusha T
355,Jesse & Joy - Llegaste tu
356,Alejandro Fernández - No ((Cover Audio)(Video))
357,Blake Shelton - Who Are You When I'm Not Looking (Official Video)
358,スピッツ / 空も飛べるはず
359,La Arrolladora Banda El Limón De René Camacho - Niña De Mi Corazón
360,Mike Posner - Please Don't Go
361,Nickelback - This Afternoon
362,Kings Of Leon - Pyro
363,"Manu Gavassi - ""Garoto Errado"""
364,Tiësto vs Diplo - C'Mon
365,Soulja Boy Tell'em - Blowing Me Kisses
366,Mac Miller - Kool Aid & Frozen Pizza
367,Vicentico - Solo un Momento (Videoclip)
368,2NE1 - GO AWAY M/V
369,Ke$ha - We R Who We R
370,Bruno Mars - The Other Side ft. Cee Lo Green & B.o.B (HOME VIDEO)
371,Alejandro Fernández - Nube Viajera
372,"Chris Brown - Deuces (Explicit Version) ft. Tyga, Kevin McCall"
373,Carrie Underwood - Mama's Song
374,Malú - Blanco Y Negro (Videoclip)
375,Love The Way You Lie - MASHUP (free mp3!)
376,Alejandro Sanz - A la primera persona (videoclip oficial)
377,Whitney Houston - Saving All My Love For You
378,Muse - Neutron Star Collision (Love Is Forever) [OFFICIAL VIDEO]
379,Camila - Abrázame
380,Audioslave - Cochise
381,Tiësto feat. Nelly Furtado - Who Wants To Be Alone
382,The Cure - Just Like Heaven
383,The Cure - Friday I'm In Love
384,Miguel - All I Want Is You ft. J. Cole
385,CantaJuego - El Boton de Martin
386,Coldplay - Christmas Lights
387,Hurts - Wonderful Life (New Version)
388,Alejandro Sanz - Y ¿Si Fuera Ella? (videoclip oficial)
389,Alejandro Sanz - Mi Soledad Y Yo (videoclip oficial)
390,Edward Maya & Mia Martina - Stereo Love (Ultra Music)
391,PSY - RIGHT NOW M/V
392,Girls' Generation 소녀시대 '훗 (Hoot)' MV
393,Alanis Morissette - Thank U (OFFICIAL VIDEO)
394,Akon - Oh Africa
395,Phil Collins - Against All Odds (Take A Look At Me Now) (Official Music Video)
396,"""Weird Al"" Yankovic - Fat"
397,Trey Songz - Already Taken (Video)
398,"Drake, Kanye West, Lil Wayne, Eminem - Forever"
399,Wisin & Yandel - Oye Donde Esta El Amor ft. Franco De Vita
400,รับได้ไหม...ถ้ามีใครอีกคน Flavour | Official MV
401,The Police - Message In A Bottle
402,Cee Lo Green - Forget You
403,Robyn - Dancing On My Own
404,Kany García - Para Volver a Amar
405,Винтаж - Роман
406,"""Teenage Dream"" (Lyrics)"
407,Cheryl Cole - Parachute
408,Soulja Boy Tell'em - Pretty Boy Swag
409,"Cuando Digo Tu Nombre (Live At El Lunario En la Ciudad De México, 2010)"
410,The xx - Islands (Official Video)
411,SOPRANO - FERME LES YEUX ET IMAGINE-TOI FEAT. BLACKO [CLIP OFFICIEL]
412,Bushido - Alles wird gut
413,Salaam Aaya (Video Song) | Salman Khan with Zarine Khan | Veer
414,Sexion d'assaut - Désolé
415,Christina Perri - Jar of Hearts
416,The Offspring - Want You Bad
417,Trey Songz - Neighbors Know My Name (Video)
418,Wiz Khalifa - Never Been (official video)
419,Laura Pausini - Entre Tu Y Mil Mares (Official Video)
420,"Chris Brown - Deuces ft. Tyga, Kevin McCall"
421,DARA - KISS M/V
422,Kid Rock - Born Free [OFFICIAL VIDEO]
423,"Alejandro Fernández - No Lo Beses (Live At El Lunario En la Ciudad De México, 2010)"
424,Juan Gabriel - Siempre en Mi Mente (Cover Audio)
425,Heart - All I Wanna Do Is Make Love To You
426,Hurts - Stay (Official Music Video)
427,Juanes - Yerbatero
428,Yelawolf - Pop The Trunk
429,P!nk - Trouble (Video)
430,Gorillaz - Rock The House (Official Video)
431,Sweet Mullet - ภาพติดตา (Official MV)
432,"Ông Già Noel Ơi - Bé Bảo An ft Bảo Trân "" Nhạc Thiếu Nhi Hay Nhất """
433,2NE1 - CAN'T NOBODY M/V
434,Leonard Cohen - Dance Me to the End of Love (Video)
435,Ёлка - Прованс
436,Banda Los Recoditos - Ando Bien Pedo
437,Afrojack ft Eva Simons - 'Take Over Control' (Official Video)
438,【MV full】 大声ダイヤモンド / AKB48 [公式]
439,2NE1 - DON'T STOP THE MUSIC (Yamaha 'Fiore' CF Theme Song) M/V
440,Christina Aguilera - Something's Got a Hold On Me (Burlesque)
441,Kings Of Leon - Radioactive
442,James Blunt - Stay The Night [OFFICIAL MUSIC VIDEO]
443,Jesse & Joy - Chocolate
444,Chris Brown - This Christmas
445,Rick Ross - B.M.F. ft. Styles P
446,PATY CANTU - Afortunadamente No Eres Tu
447,Afrojack ft. Eva Simons - Take Over Control (Official Radio Mix)
448,Avril Lavigne - Losing Grip (Video)
449,Tinie Tempah ft. Eric Turner - Written in the Stars (Official Audio)
450,Smash Mouth - Walkin' On The Sun
451,La Reunión De Los Vaqueros
452,Elton John - I'm Still Standing
453,Carrie Underwood - Temporary Home
454,"AWOLNATION- ""Sail"" (with lyrics)"
455,Miguel Bose - Como un lobo [Dueto 2007] (Video clip)
456,Modà - Sono già solo - Videoclip ufficiale
457,Usher - There Goes My Baby
458,Julieta Venegas - Eres para Mí
459,Maná - Labios Compartidos (Music Video)
460,YG - Toot It And Boot It
461,miss A “Breathe” M/V
462,Rascal Flatts - Here Comes Goodbye
463,Dan Balan и Вера Брежнева - Лепестками слез
464,Taio Cruz - Dirty Picture ft. Ke$ha
465,Laura Pausini - Amores Extranos (Official Video)
466,Take That - The Flood
467,"Diddy - Dirty Money - Hello Good Morning ft. T.I., Rick Ross"
468,Muse - Time Is Running Out (video)
469,TLC - Unpretty (Video Version)
470,Fabri Fibra - Tranne Te (video ufficiale)
471,Jason Derulo - What If (OFFICIAL)
472,Yeh Dua Hai Meri (Video Song) - Sapne Saajan Ke
473,BIGBANG - TELL ME GOODBYE M/V
474,Gummibär - A Jugar! - World Cup Soccer/Football Song - Spanish - Gummy Bear - Osito Gominola
475,Juan Luis Guerra - Mi Bendicion
476,Ricardo Arjona - Como Duele
477,Tokio Hotel - Monsoon
478,David Guetta feat Rihanna - Who's That Chick? - Lyrics video
479,Katy Perry - California Gurls ft. Snoop (Lyric Video)
480,Billy Currington - Pretty Good At Drinkin' Beer
481,Armin van Buuren vs Sophie Ellis-Bextor - Not Giving Up On Love (Official Music Video)
482,GReeeeN - キセキ
483,【MV full】 涙サプライズ / AKB48 [公式]
484,Aloe Blacc - I Need A Dollar (Official Video)
485,【MV full】 Beginner / AKB48 [公式]
486,RKM & Ken-Y - Te Ame En Mis Sueños
487,スピッツ / 楓
488,Brown Eyed Girls 'Abracadabra'
489,SKRILLEX - Rock N' Roll (Will Take You To The Mountain)
490,La Arrolladora Banda El Limón De René Camacho - Sobre Mis Pies
491,Christina Aguilera - I'm a Good Girl (Burlesque)
492,Maná - No ha parado de llover (video)
493,La Arrolladora Banda El Limón De René Camacho - Y Que Quede Claro
494,Akcent - Love Stoned (Official Video)
495,Arctic Monkeys - I Bet You Look Good On The Dancefloor (Official Video)
496,Валерий Меладзе - Небеса
497,Soulja Boy - Speakers Going Hammer
498,GReeeeN - 愛唄
499,Solo [Official Music Video] - Iyaz
